Date,Average Prices (EUR/MWh)
2010-07-21,47.803208333333345
2010-07-22,58.061249999999994
2010-07-23,46.14604166666667
2010-07-24,43.593291666666666
2010-07-25,19.148125000000004
2010-07-26,38.118249999999996
2010-07-27,47.85345833333333
2010-07-28,43.73266666666666
2010-07-29,43.87241666666666
2010-07-30,42.24141666666667
2010-07-31,38.43279166666667
2010-08-01,28.92320833333333
2010-08-02,43.666374999999995
2010-08-03,41.317249999999994
2010-08-04,41.027375000000006
2010-08-05,39.800666666666665
2010-08-06,38.54083333333333
2010-08-07,35.11066666666667
2010-08-08,24.082625000000004
2010-08-09,38.74133333333334
2010-08-10,39.142208333333336
2010-08-11,40.13670833333333
2010-08-12,42.20341666666666
2010-08-13,42.13241666666667
2010-08-14,36.73000000000001
2010-08-15,27.17804166666667
2010-08-16,1147.9559583333332
2010-08-17,43.26254166666667
2010-08-18,40.043458333333334
2010-08-19,41.14133333333334
2010-08-20,43.62241666666666
2010-08-21,39.193041666666666
2010-08-22,30.907291666666662
2010-08-23,54.28129166666667
2010-08-24,56.181666666666665
2010-08-25,42.60504166666667
2010-08-26,50.546
2010-08-27,54.69575
2010-08-28,45.5765
2010-08-29,29.865916666666667
2010-08-30,34.44079166666666
2010-08-31,46.43808333333333
2010-09-01,46.53641666666667
2010-09-02,45.21483333333333
2010-09-03,46.64641666666666
2010-09-04,44.94879166666666
2010-09-05,41.04262500000001
2010-09-06,42.42254166666667
2010-09-07,45.56258333333333
2010-09-08,38.176666666666655
2010-09-09,45.242625
2010-09-10,46.91749999999999
2010-09-11,43.73933333333333
2010-09-12,35.90016666666667
2010-09-13,43.57487500000001
2010-09-14,44.85241666666668
2010-09-15,43.794125
2010-09-16,45.75074999999999
2010-09-17,47.766541666666676
2010-09-18,42.153416666666665
2010-09-19,36.89870833333334
2010-09-20,51.19920833333333
2010-09-21,50.22241666666667
2010-09-22,51.150625
2010-09-23,50.786999999999985
2010-09-24,49.38616666666667
2010-09-25,45.68775
2010-09-26,38.00545833333333
2010-09-27,50.95679166666667
2010-09-28,55.037
2010-09-29,56.001124999999995
2010-09-30,57.22854166666665
2010-10-01,55.78820833333332
2010-10-02,47.51229166666668
2010-10-03,40.561249999999994
2010-10-04,50.41962499999999
2010-10-05,51.23695833333334
2010-10-06,52.07425
2010-10-07,52.28183333333334
2010-10-08,49.61758333333333
2010-10-09,46.965583333333335
2010-10-10,45.85975
2010-10-11,48.67124999999999
2010-10-12,54.03220833333333
2010-10-13,54.57925
2010-10-14,53.80725
2010-10-15,56.261833333333335
2010-10-16,40.17041666666666
2010-10-17,52.60037499999999
2010-10-18,58.29679166666666
2010-10-19,57.252333333333326
2010-10-20,54.46620833333333
2010-10-21,53.519
2010-10-22,54.15516666666667
2010-10-23,46.42979166666667
2010-10-24,42.66516666666667
2010-10-25,52.35604166666667
2010-10-26,57.11858333333333
2010-10-27,52.32049999999999
2010-10-28,52.069375
2010-10-29,51.31962500000001
2010-10-30,47.14166666666667
2010-10-31,31.948760000000004
2010-11-01,41.865375
2010-11-02,47.314125
2010-11-03,40.50304166666667
2010-11-04,43.17854166666668
2010-11-05,42.649791666666665
2010-11-06,51.430958333333315
2010-11-07,46.97504166666667
2010-11-08,49.48550000000001
2010-11-09,52.753083333333336
2010-11-10,49.031666666666666
2010-11-11,42.80116666666666
2010-11-12,37.05154166666666
2010-11-13,37.78504166666668
2010-11-14,32.56120833333333
2010-11-15,46.33120833333333
2010-11-16,51.73500000000001
2010-11-17,50.09383333333333
2010-11-18,43.184666666666665
2010-11-19,52.464416666666665
2010-11-20,48.11612499999999
2010-11-21,42.73008333333333
2010-11-22,45.908208333333334
2010-11-23,50.271166666666666
2010-11-24,45.645333333333326
2010-11-25,57.50925000000001
2010-11-26,55.19308333333334
2010-11-27,52.552249999999994
2010-11-28,47.86154166666666
2010-11-29,57.119
2010-11-30,57.484625
2010-12-01,47.43116666666666
2010-12-02,54.11491666666666
2010-12-03,61.637249999999995
2010-12-04,52.31154166666668
2010-12-05,42.48158333333333
2010-12-06,56.89724999999999
2010-12-07,61.635875000000006
2010-12-08,52.794333333333334
2010-12-09,50.456583333333334
2010-12-10,55.08220833333332
2010-12-11,38.056416666666664
2010-12-12,43.37875
2010-12-13,62.107499999999995
2010-12-14,62.32608333333334
2010-12-15,66.71308333333333
2010-12-16,45.96808333333333
2010-12-17,51.611875000000005
2010-12-18,45.14120833333332
2010-12-19,31.867583333333332
2010-12-20,58.28475
2010-12-21,62.935375
2010-12-22,38.822333333333326
2010-12-23,44.49525
2010-12-24,30.280500000000007
2010-12-25,31.817041666666665
2010-12-26,40.07320833333334
2010-12-27,55.97495833333334
2010-12-28,42.75033333333334
2010-12-29,49.985208333333325
2010-12-30,50.57441666666667
2010-12-31,41.56658333333333
2011-01-01,30.223249999999997
2011-01-02,41.8255
2011-01-03,65.50408333333333
2011-01-04,61.60279166666666
2011-01-05,54.25720833333333
2011-01-06,45.11270833333334
2011-01-07,47.022166666666664
2011-01-08,38.258791666666674
2011-01-09,34.8325
2011-01-10,59.425333333333334
2011-01-11,52.339125
2011-01-12,52.13454166666666
2011-01-13,48.73358333333332
2011-01-14,44.89745833333333
2011-01-15,37.22345833333333
2011-01-16,28.216375
2011-01-17,44.939874999999994
2011-01-18,52.67087499999999
2011-01-19,55.092291666666675
2011-01-20,57.493416666666654
2011-01-21,55.861124999999994
2011-01-22,50.799416666666644
2011-01-23,51.4005
2011-01-24,56.84329166666666
2011-01-25,54.250458333333334
2011-01-26,59.28562499999999
2011-01-27,57.77579166666667
2011-01-28,58.03245833333333
2011-01-29,52.98491666666667
2011-01-30,46.53516666666666
2011-01-31,55.47408333333333
2011-02-01,59.35920833333332
2011-02-02,54.17091666666667
2011-02-03,51.30658333333334
2011-02-04,46.423375
2011-02-05,36.95579166666667
2011-02-06,33.81579166666667
2011-02-07,43.915375000000004
2011-02-08,49.73858333333334
2011-02-09,55.256375
2011-02-10,52.50391666666666
2011-02-11,50.775875000000006
2011-02-12,46.215916666666665
2011-02-13,43.095875
2011-02-14,47.63491666666666
2011-02-15,52.159083333333335
2011-02-16,57.45083333333332
2011-02-17,55.571416666666664
2011-02-18,56.63733333333332
2011-02-19,53.113250000000015
2011-02-20,42.22054166666667
2011-02-21,55.58762500000001
2011-02-22,59.603125
2011-02-23,58.31395833333334
2011-02-24,57.39720833333334
2011-02-25,56.79320833333333
2011-02-26,49.91945833333335
2011-02-27,48.01349999999999
2011-02-28,58.556875
2011-03-01,58.78841666666667
2011-03-02,58.04091666666667
2011-03-03,58.12470833333333
2011-03-04,59.12854166666667
2011-03-05,51.25445833333334
2011-03-06,49.214874999999985
2011-03-07,57.59054166666667
2011-03-08,56.79479166666667
2011-03-09,50.52124999999999
2011-03-10,50.06733333333332
2011-03-11,54.069500000000005
2011-03-12,52.15854166666666
2011-03-13,46.37808333333333
2011-03-14,56.713166666666666
2011-03-15,55.05345833333331
2011-03-16,50.26045833333333
2011-03-17,56.23433333333333
2011-03-18,59.20108333333334
2011-03-19,55.07766666666666
2011-03-20,47.27645833333333
2011-03-21,63.26391666666667
2011-03-22,55.39845833333334
2011-03-23,53.91983333333332
2011-03-24,52.188583333333334
2011-03-25,49.51883333333333
2011-03-26,51.686249999999994
2011-03-27,49.03430434782609
2011-03-28,55.886541666666666
2011-03-29,54.98387500000001
2011-03-30,53.864750000000015
2011-03-31,50.563875
2011-04-01,52.398208333333336
2011-04-02,50.904
2011-04-03,48.11354166666667
2011-04-04,57.778
2011-04-05,56.098291666666675
2011-04-06,54.35612499999999
2011-04-07,53.338458333333335
2011-04-08,52.559958333333334
2011-04-09,48.81066666666667
2011-04-10,43.37104166666666
2011-04-11,51.404208333333344
2011-04-12,51.36579166666666
2011-04-13,55.63316666666666
2011-04-14,60.85212500000001
2011-04-15,57.00512499999999
2011-04-16,53.58679166666667
2011-04-17,48.48024999999999
2011-04-18,60.48425
2011-04-19,58.08158333333335
2011-04-20,56.449625000000005
2011-04-21,57.163249999999984
2011-04-22,49.360749999999996
2011-04-23,52.67804166666667
2011-04-24,37.939416666666666
2011-04-25,30.68641666666667
2011-04-26,51.89362499999999
2011-04-27,57.34275
2011-04-28,56.320625
2011-04-29,52.489625
2011-04-30,43.46770833333334
2011-05-01,36.80516666666666
2011-05-02,53.03262499999999
2011-05-03,60.112125
2011-05-04,61.33466666666667
2011-05-05,61.360375000000005
2011-05-06,59.42099999999999
2011-05-07,53.52995833333333
2011-05-08,37.45054166666666
2011-05-09,50.139833333333335
2011-05-10,61.96129166666666
2011-05-11,64.71904166666666
2011-05-12,66.45495833333332
2011-05-13,61.28049999999999
2011-05-14,57.20304166666667
2011-05-15,44.89033333333333
2011-05-16,57.75433333333334
2011-05-17,56.156208333333346
2011-05-18,64.18079166666668
2011-05-19,63.800000000000004
2011-05-20,62.717958333333335
2011-05-21,57.55845833333333
2011-05-22,47.62929166666667
2011-05-23,57.414874999999995
2011-05-24,60.807625
2011-05-25,60.911541666666665
2011-05-26,58.13
2011-05-27,56.062958333333334
2011-05-28,51.641124999999995
2011-05-29,45.41075000000001
2011-05-30,59.08258333333331
2011-05-31,59.22383333333334
2011-06-01,58.27645833333335
2011-06-02,48.72804166666666
2011-06-03,54.27525
2011-06-04,53.54912500000001
2011-06-05,46.97870833333332
2011-06-06,60.72233333333335
2011-06-07,61.33962499999999
2011-06-08,59.950916666666664
2011-06-09,57.13970833333334
2011-06-10,58.145833333333336
2011-06-11,51.28733333333333
2011-06-12,44.99762499999999
2011-06-13,50.43304166666667
2011-06-14,57.51720833333332
2011-06-15,62.024833333333326
2011-06-16,59.41987499999999
2011-06-17,55.37604166666665
2011-06-18,50.64054166666666
2011-06-19,35.28745833333334
2011-06-20,46.73141666666666
2011-06-21,56.84287499999999
2011-06-22,56.91891666666666
2011-06-23,48.321
2011-06-24,48.622791666666664
2011-06-25,49.935624999999995
2011-06-26,40.99420833333334
2011-06-27,52.44245833333332
2011-06-28,53.87445833333333
2011-06-29,52.55520833333333
2011-06-30,49.46454166666667
2011-07-01,50.289375
2011-07-02,84.6073333333333
2011-07-03,25.06445833333333
2011-07-04,57.776624999999996
2011-07-05,53.860791666666664
2011-07-06,60.56008333333333
2011-07-07,64.98608333333334
2011-07-08,61.07908333333332
2011-07-09,48.62508333333334
2011-07-10,52.65454166666666
2011-07-11,77.359625
2011-07-12,73.60958333333333
2011-07-13,53.73020833333333
2011-07-14,67.69479166666666
2011-07-15,51.63558333333333
2011-07-16,57.43299999999999
2011-07-17,64.24362500000001
2011-07-18,65.06016666666667
2011-07-19,56.34966666666668
2011-07-20,54.81166666666667
2011-07-21,53.18741666666666
2011-07-22,46.328125
2011-07-23,60.922499999999985
2011-07-24,25.063
2011-07-25,48.072
2011-07-26,49.17612499999999
2011-07-27,49.36512500000001
2011-07-28,48.311749999999996
2011-07-29,46.00870833333335
2011-07-30,38.93804166666667
2011-07-31,31.847291666666663
2011-08-01,78.8523333333333
2011-08-02,51.226333333333336
2011-08-03,49.34054166666667
2011-08-04,48.67391666666666
2011-08-05,48.73866666666666
2011-08-06,85.16241666666666
2011-08-07,58.28916666666667
2011-08-08,53.87091666666666
2011-08-09,41.38033333333333
2011-08-10,42.85641666666667
2011-08-11,44.423333333333346
2011-08-12,46.87966666666667
2011-08-13,47.24091666666667
2011-08-14,36.877916666666664
2011-08-15,43.99366666666666
2011-08-16,51.135708333333326
2011-08-17,55.13912500000001
2011-08-18,52.86529166666667
2011-08-19,50.11699999999999
2011-08-20,48.11783333333333
2011-08-21,49.48333333333333
2011-08-22,60.274999999999984
2011-08-23,60.231916666666656
2011-08-24,67.38170833333334
2011-08-25,62.910124999999994
2011-08-26,84.46929166666666
2011-08-27,60.748375
2011-08-28,37.708124999999995
2011-08-29,68.21549999999998
2011-08-30,56.307375
2011-08-31,59.25475000000001
2011-09-01,63.94970833333335
2011-09-02,59.42045833333335
2011-09-03,51.97733333333333
2011-09-04,46.30662499999999
2011-09-05,58.54916666666666
2011-09-06,82.21925
2011-09-07,73.46029166666666
2011-09-08,71.43658333333333
2011-09-09,59.83070833333334
2011-09-10,59.058458333333334
2011-09-11,48.846125
2011-09-12,86.72820833333333
2011-09-13,93.06162499999999
2011-09-14,66.38304166666667
2011-09-15,98.22325000000001
2011-09-16,69.06158333333333
2011-09-17,79.77633333333333
2011-09-18,65.03412500000002
2011-09-19,59.25949999999998
2011-09-20,61.56254166666667
2011-09-21,68.41775
2011-09-22,58.712041666666664
2011-09-23,62.818083333333334
2011-09-24,69.11508333333333
2011-09-25,45.92783333333333
2011-09-26,54.88733333333334
2011-09-27,66.74229166666666
2011-09-28,57.605249999999984
2011-09-29,58.903625
2011-09-30,59.028875
2011-10-01,49.91416666666668
2011-10-02,40.46237499999999
2011-10-03,60.02229166666666
2011-10-04,56.052166666666686
2011-10-05,61.63358333333332
2011-10-06,73.62366666666667
2011-10-07,53.343250000000005
2011-10-08,43.4355
2011-10-09,44.314833333333326
2011-10-10,49.16437500000001
2011-10-11,54.56937500000001
2011-10-12,60.332249999999995
2011-10-13,86.36041666666667
2011-10-14,60.164500000000004
2011-10-15,57.81145833333334
2011-10-16,45.63329166666666
2011-10-17,56.395624999999995
2011-10-18,54.49216666666667
2011-10-19,58.86004166666666
2011-10-20,61.623041666666666
2011-10-21,62.674583333333324
2011-10-22,50.85995833333333
2011-10-23,42.839208333333325
2011-10-24,55.54991666666667
2011-10-25,63.968916666666665
2011-10-26,58.9775
2011-10-27,56.86925
2011-10-28,56.833666666666666
2011-10-29,50.84129166666667
2011-10-30,43.680960000000006
2011-10-31,47.49795833333332
2011-11-01,49.55450000000001
2011-11-02,67.39375
2011-11-03,75.30487500000001
2011-11-04,56.427458333333334
2011-11-05,64.41079166666667
2011-11-06,54.886500000000005
2011-11-07,58.018875
2011-11-08,62.406666666666666
2011-11-09,60.57716666666666
2011-11-10,63.79720833333332
2011-11-11,66.18795833333333
2011-11-12,57.36745833333333
2011-11-13,47.490125000000006
2011-11-14,62.30187500000002
2011-11-15,68.86341666666665
2011-11-16,73.03779166666668
2011-11-17,71.76954166666665
2011-11-18,69.09829166666667
2011-11-19,84.33016666666668
2011-11-20,71.363625
2011-11-21,75.072875
2011-11-22,75.79220833333333
2011-11-23,87.07979166666668
2011-11-24,79.130875
2011-11-25,71.70420833333334
2011-11-26,50.85774999999999
2011-11-27,41.12416666666667
2011-11-28,77.87649999999998
2011-11-29,86.25804166666667
2011-11-30,62.04425000000001
2011-12-01,69.21508333333334
2011-12-02,69.24570833333333
2011-12-03,65.97495833333333
2011-12-04,68.08958333333332
2011-12-05,56.673333333333325
2011-12-06,71.1905
2011-12-07,61.89020833333333
2011-12-08,65.726375
2011-12-09,71.51204166666666
2011-12-10,56.604875
2011-12-11,48.764624999999995
2011-12-12,68.300875
2011-12-13,73.82133333333336
2011-12-14,66.34354166666665
2011-12-15,63.74099999999999
2011-12-16,48.503874999999994
2011-12-17,44.545125000000006
2011-12-18,47.383500000000005
2011-12-19,54.28991666666667
2011-12-20,58.26545833333335
2011-12-21,55.85254166666666
2011-12-22,58.58470833333332
2011-12-23,42.753625
2011-12-24,80.97433333333333
2011-12-25,32.35570833333333
2011-12-26,23.941958333333332
2011-12-27,48.006375
2011-12-28,74.47279166666667
2011-12-29,47.067041666666675
2011-12-30,39.068999999999996
2011-12-31,42.81154166666667
,
2012-01-01,18.94758333333333
2012-01-02,36.069041666666664
2012-01-03,59.187083333333334
2012-01-04,44.466375
2012-01-05,44.500166666666665
2012-01-06,34.435291666666664
2012-01-07,71.99429166666667
2012-01-08,54.87308333333334
2012-01-09,52.41795833333334
2012-01-10,52.533374999999985
2012-01-11,47.64137500000001
2012-01-12,74.69687499999999
2012-01-13,51.118750000000006
2012-01-14,44.59433333333333
2012-01-15,45.66579166666667
2012-01-16,53.32954166666667
2012-01-17,59.30091666666667
2012-01-18,76.92304166666668
2012-01-19,65.42095833333333
2012-01-20,73.01366666666668
2012-01-21,55.668000000000006
2012-01-22,49.48029166666666
2012-01-23,53.36650000000001
2012-01-24,100.08204166666667
2012-01-25,53.800625
2012-01-26,78.62500000000001
2012-01-27,64.94570833333333
2012-01-28,56.29570833333333
2012-01-29,47.70833333333334
2012-01-30,51.28670833333334
2012-01-31,65.505125
2012-02-01,52.015375000000006
2012-02-02,59.617
2012-02-03,68.43783333333333
2012-02-04,80.58366666666667
2012-02-05,53.737125
2012-02-06,74.11274999999999
2012-02-07,77.51870833333334
2012-02-08,96.76541666666667
2012-02-09,90.64383333333335
2012-02-10,91.332625
2012-02-11,109.91824999999999
2012-02-12,90.401875
2012-02-13,89.20758333333333
2012-02-14,100.2795
2012-02-15,79.16808333333334
2012-02-16,145.04512499999998
2012-02-17,64.30145833333334
2012-02-18,53.500874999999986
2012-02-19,56.015625
2012-02-20,86.03154166666667
2012-02-21,72.102125
2012-02-22,76.51275
2012-02-23,98.83754166666667
2012-02-24,49.749291666666664
2012-02-25,73.736
2012-02-26,53.817874999999994
2012-02-27,51.88845833333332
2012-02-28,46.40645833333334
2012-02-29,57.96145833333333
2012-03-01,49.04441666666667
2012-03-02,52.16812499999998
2012-03-03,48.096000000000004
2012-03-04,37.89908333333333
2012-03-05,49.33233333333334
2012-03-06,64.71179166666666
2012-03-07,73.046875
2012-03-08,69.946375
2012-03-09,60.85891666666666
2012-03-10,58.80424999999999
2012-03-11,43.07295833333333
2012-03-12,49.87654166666667
2012-03-13,56.264416666666655
2012-03-14,60.20162500000001
2012-03-15,46.05316666666667
2012-03-16,48.78325
2012-03-17,38.412625
2012-03-18,34.06966666666667
2012-03-19,43.05104166666667
2012-03-20,46.87199999999999
2012-03-21,45.476874999999986
2012-03-22,45.18004166666666
2012-03-23,43.55375
2012-03-24,39.52887499999999
2012-03-25,26.733869565217393
2012-03-26,43.721833333333336
2012-03-27,56.81187500000001
2012-03-28,38.39612499999999
2012-03-29,49.150041666666674
2012-03-30,51.84316666666667
2012-03-31,27.661083333333337
2012-04-01,80.65262500000001
2012-04-02,69.82104166666667
2012-04-03,53.119875
2012-04-04,70.81670833333332
2012-04-05,56.349291666666666
2012-04-06,61.02941666666666
2012-04-07,35.24583333333333
2012-04-08,23.653666666666666
2012-04-09,19.948791666666665
2012-04-10,64.73520833333335
2012-04-11,83.35525000000001
2012-04-12,59.06187499999999
2012-04-13,50.38283333333334
2012-04-14,49.39608333333333
2012-04-15,32.99945833333334
2012-04-16,47.711666666666666
2012-04-17,99.41820833333333
2012-04-18,52.1565
2012-04-19,52.199541666666676
2012-04-20,56.55916666666667
2012-04-21,45.281749999999995
2012-04-22,37.468624999999996
2012-04-23,55.126208333333324
2012-04-24,53.30208333333334
2012-04-25,44.33479166666666
2012-04-26,44.206916666666665
2012-04-27,43.23012500000001
2012-04-28,38.64645833333333
2012-04-29,25.613416666666666
2012-04-30,36.66266666666666
2012-05-01,26.68854166666667
2012-05-02,47.36525
2012-05-03,51.80225000000001
2012-05-04,45.7585
2012-05-05,38.014624999999995
2012-05-06,31.284708333333338
2012-05-07,46.56354166666667
2012-05-08,41.78916666666667
2012-05-09,48.44770833333334
2012-05-10,44.29695833333333
2012-05-11,45.746916666666664
2012-05-12,43.890750000000004
2012-05-13,29.496249999999993
2012-05-14,41.56887500000001
2012-05-15,46.41358333333332
2012-05-16,46.36295833333333
2012-05-17,55.63708333333332
2012-05-18,54.508833333333335
2012-05-19,59.41312499999999
2012-05-20,28.965374999999998
2012-05-21,37.74279166666667
2012-05-22,41.511041666666664
2012-05-23,46.869708333333335
2012-05-24,40.63966666666666
2012-05-25,41.825791666666674
2012-05-26,44.91545833333333
2012-05-27,18.21858333333333
2012-05-28,23.684041666666662
2012-05-29,37.415375
2012-05-30,45.37320833333334
2012-05-31,46.65329166666667
2012-06-01,41.912749999999996
2012-06-02,39.854375
2012-06-03,27.260416666666668
2012-06-04,43.79091666666667
2012-06-05,43.75083333333333
2012-06-06,47.238708333333335
2012-06-07,42.28991666666666
2012-06-08,40.44470833333333
2012-06-09,28.311999999999998
2012-06-10,27.321249999999992
2012-06-11,45.591208333333334
2012-06-12,45.34825
2012-06-13,48.56108333333335
2012-06-14,46.27754166666667
2012-06-15,42.093041666666664
2012-06-16,33.585
2012-06-17,20.491708333333335
2012-06-18,40.48979166666667
2012-06-19,50.34766666666667
2012-06-20,51.27491666666666
2012-06-21,57.51225
2012-06-22,39.717666666666666
2012-06-23,61.04891666666666
2012-06-24,35.26483333333333
2012-06-25,41.00775000000001
2012-06-26,53.04220833333333
2012-06-27,49.49945833333334
2012-06-28,56.714500000000015
2012-06-29,49.65195833333332
2012-06-30,33.952625000000005
2012-07-01,54.81483333333333
2012-07-02,76.82316666666667
2012-07-03,116.72779166666669
2012-07-04,81.96620833333334
2012-07-05,53.69933333333333
2012-07-06,93.74233333333335
2012-07-07,52.69316666666668
2012-07-08,45.580583333333344
2012-07-09,87.082125
2012-07-10,79.19541666666667
2012-07-11,89.5205833333333
2012-07-12,56.225875
2012-07-13,61.402208333333334
2012-07-14,49.09566666666666
2012-07-15,25.476583333333327
2012-07-16,45.11708333333334
2012-07-17,59.493291666666664
2012-07-18,45.9095
2012-07-19,55.69595833333332
2012-07-20,52.240249999999996
2012-07-21,37.92720833333333
2012-07-22,26.012208333333334
2012-07-23,38.18320833333333
2012-07-24,43.054833333333335
2012-07-25,47.48766666666666
2012-07-26,50.636374999999994
2012-07-27,57.623916666666666
2012-07-28,44.58816666666666
2012-07-29,26.514583333333334
2012-07-30,56.60520833333333
2012-07-31,57.61179166666667
2012-08-01,53.78345833333333
2012-08-02,66.240625
2012-08-03,60.15245833333335
2012-08-04,63.12470833333333
2012-08-05,63.77612500000001
2012-08-06,47.80791666666667
2012-08-07,49.23825
2012-08-08,66.33324999999999
2012-08-09,61.862625000000016
2012-08-10,73.942125
2012-08-11,57.84562500000001
2012-08-12,45.44141666666667
2012-08-13,50.37570833333334
2012-08-14,72.07754166666668
2012-08-15,59.04258333333333
2012-08-16,57.02583333333332
2012-08-17,56.010333333333335
2012-08-18,57.24820833333333
2012-08-19,42.11304166666666
2012-08-20,56.1055
2012-08-21,72.23345833333333
2012-08-22,79.18479166666667
2012-08-23,66.05420833333334
2012-08-24,81.04333333333334
2012-08-25,61.00249999999999
2012-08-26,60.45291666666666
2012-08-27,65.80708333333332
2012-08-28,56.256249999999994
2012-08-29,62.405416666666646
2012-08-30,67.49624999999999
2012-08-31,52.644166666666656
2012-09-01,45.102083333333326
2012-09-02,34.18958333333333
2012-09-03,50.659166666666664
2012-09-04,56.44
2012-09-05,67.46166666666666
2012-09-06,51.60333333333333
2012-09-07,52.44166666666666
2012-09-08,57.596250000000005
2012-09-09,45.602083333333326
2012-09-10,50.51166666666668
2012-09-11,52.88208333333333
2012-09-12,57.21958333333333
2012-09-13,54.26458333333334
2012-09-14,41.71458333333334
2012-09-15,41.49125
2012-09-16,33.07625
2012-09-17,51.59499999999999
2012-09-18,52.79208333333333
2012-09-19,53.48833333333332
2012-09-20,52.929166666666674
2012-09-21,50.63291666666666
2012-09-22,67.57541666666667
2012-09-23,36.697916666666664
2012-09-24,45.38041666666666
2012-09-25,62.44375
2012-09-26,52.589166666666664
2012-09-27,46.28333333333333
2012-09-28,49.450416666666655
2012-09-29,40.21375
2012-09-30,27.03166666666667
2012-10-01,52.20499999999999
2012-10-02,52.69583333333335
2012-10-03,71.32791666666665
2012-10-04,48.91125
2012-10-05,41.22708333333335
2012-10-06,39.98625
2012-10-07,31.987083333333327
2012-10-08,49.175833333333344
2012-10-09,50.18833333333334
2012-10-10,51.772083333333335
2012-10-11,53.51208333333332
2012-10-12,46.53791666666667
2012-10-13,44.158333333333324
2012-10-14,34.111666666666665
2012-10-15,47.628750000000004
2012-10-16,41.71916666666666
2012-10-17,44.55708333333334
2012-10-18,42.38791666666666
2012-10-19,41.21208333333333
2012-10-20,38.51624999999999
2012-10-21,33.239583333333336
2012-10-22,47.65541666666667
2012-10-23,52.97083333333333
2012-10-24,55.01916666666667
2012-10-25,48.80916666666666
2012-10-26,52.40416666666666
2012-10-27,40.98291666666666
2012-10-28,34.1716
2012-10-29,47.699166666666656
2012-10-30,57.95708333333334
2012-10-31,50.16666666666668
2012-11-01,33.035833333333336
2012-11-02,33.55583333333333
2012-11-03,34.467499999999994
2012-11-04,30.95333333333333
2012-11-05,45.765416666666674
2012-11-06,43.580833333333324
2012-11-07,42.77583333333334
2012-11-08,40.47916666666668
2012-11-09,50.933749999999996
2012-11-10,43.86708333333334
2012-11-11,34.707499999999996
2012-11-12,50.6625
2012-11-13,54.993750000000006
2012-11-14,52.20166666666666
2012-11-15,52.625833333333325
2012-11-16,52.94458333333333
2012-11-17,42.827916666666674
2012-11-18,39.90333333333333
2012-11-19,52.01
2012-11-20,54.254999999999995
2012-11-21,51.85833333333333
2012-11-22,49.90541666666667
2012-11-23,54.140416666666674
2012-11-24,52.20458333333334
2012-11-25,38.75333333333334
2012-11-26,45.18
2012-11-27,52.68916666666667
2012-11-28,54.74208333333332
2012-11-29,48.533750000000005
2012-11-30,56.08583333333333
2012-12-01,42.71041666666667
2012-12-02,39.07791666666666
2012-12-03,54.58041666666667
2012-12-04,49.450416666666655
2012-12-05,53.64249999999999
2012-12-06,54.56583333333333
2012-12-07,53.7775
2012-12-08,47.99375
2012-12-09,32.64458333333333
2012-12-10,52.61375
2012-12-11,61.779583333333335
2012-12-12,69.33875
2012-12-13,67.84875000000001
2012-12-14,51.20749999999999
2012-12-15,39.2825
2012-12-16,36.28249999999999
2012-12-17,50.87083333333333
2012-12-18,53.38125
2012-12-19,53.28333333333334
2012-12-20,45.26874999999999
2012-12-21,42.06583333333333
2012-12-22,54.41416666666666
2012-12-23,27.69541666666667
2012-12-24,15.607499999999996
2012-12-25,-5.256250000000001
2012-12-26,-6.710416666666664
2012-12-27,34.88791666666666
2012-12-28,29.65291666666666
2012-12-29,36.29833333333334
2012-12-30,45.124583333333334
2012-12-31,32.248333333333335
2013-01-01,8.605
2013-01-02,35.7295833333333
2013-01-03,45.995
2013-01-04,37.7775
2013-01-05,37.3516666666667
2013-01-06,32.2229166666667
2013-01-07,44.9608333333333
2013-01-08,50.6670833333333
2013-01-09,51.6020833333333
2013-01-10,50.7570833333333
2013-01-11,52.9658333333333
2013-01-12,50.1683333333333
2013-01-13,38.9858333333333
2013-01-14,55.0783333333333
2013-01-15,53.89875
2013-01-16,54.4908333333333
2013-01-17,54.8891666666667
2013-01-18,50.1641666666667
2013-01-19,37.9833333333333
2013-01-20,30.2654166666667
2013-01-21,42.95
2013-01-22,51.2008333333333
2013-01-23,49.7391666666667
2013-01-24,58.7129166666667
2013-01-25,54.2154166666667
2013-01-26,37.905
2013-01-27,33.085
2013-01-28,42.99625
2013-01-29,48.6683333333333
2013-01-30,30.5133333333333
2013-01-31,51.6220833333333
2013-02-01,36.2720833333333
2013-02-02,41.6975
2013-02-03,56.0191666666667
2013-02-04,48.4325
2013-02-05,32.9529166666667
2013-02-06,43.6008333333333
2013-02-07,48.9
2013-02-08,47.2429166666667
2013-02-09,41.7070833333333
2013-02-10,34.4383333333333
2013-02-11,36.88375
2013-02-12,47.085
2013-02-13,50.0895833333333
2013-02-14,46.7458333333333
2013-02-15,48.1833333333333
2013-02-16,39.62
2013-02-17,36.92125
2013-02-18,48.3679166666667
2013-02-19,48.2283333333333
2013-02-20,49.3745833333333
2013-02-21,50.2108333333333
2013-02-22,48.6020833333333
2013-02-23,42.10625
2013-02-24,33.4033333333333
2013-02-25,46.2229166666667
2013-02-26,50.3120833333333
2013-02-27,55.7804166666667
2013-02-28,44.18625
2013-03-01,47.15625
2013-03-02,38.9170833333333
2013-03-03,33.7629166666667
2013-03-04,46.57625
2013-03-05,43.6058333333333
2013-03-06,44.9183333333333
2013-03-07,39.2204166666667
2013-03-08,36.6945833333333
2013-03-09,31.55625
2013-03-10,19.655
2013-03-11,
2013-03-12,45.7254166666667
2013-03-13,46.265
2013-03-14,38.8079166666667
2013-03-15,39.8433333333333
2013-03-16,30.1525
2013-03-17,12.32375
2013-03-18,40.1858333333333
2013-03-19,43.0929166666667
2013-03-20,47.4691666666667
2013-03-21,47.5545833333333
2013-03-22,37.6166666666667
2013-03-23,21.7845833333333
2013-03-24,13.0320833333333
2013-03-25,36.39125
2013-03-26,42.605
2013-03-27,41.52
2013-03-28,50.5329166666667
2013-03-29,37.84
2013-03-30,38.0329166666667
2013-03-31,27.8647826086957
2013-04-01,24.5675
2013-04-02,49.3025
2013-04-03,44.5720833333333
2013-04-04,43.26875
2013-04-05,49.9766666666667
2013-04-06,43.6608333333333
2013-04-07,30.68125
2013-04-08,56.17625
2013-04-09,53.7454166666667
2013-04-10,53.51375
2013-04-11,55.51
2013-04-12,47.0441666666667
2013-04-13,28.08375
2013-04-14,17.8083333333333
2013-04-15,35.6508333333333
2013-04-16,43.8929166666667
2013-04-17,42.3570833333333
2013-04-18,26.55
2013-04-19,33.6291666666667
2013-04-20,26.5475
2013-04-21,16.82875
2013-04-22,36.3154166666667
2013-04-23,31.9366666666667
2013-04-24,33.8570833333333
2013-04-25,32.85875
2013-04-26,30.2233333333333
2013-04-27,29.2891666666667
2013-04-28,20.7791666666667
2013-04-29,32.185
2013-04-30,34.8379166666667
2013-05-01,13.4825
2013-05-02,29.5504166666667
2013-05-03,33.4433333333333
2013-05-04,25.9583333333333
2013-05-05,14.0754166666667
2013-05-06,36.3166666666667
2013-05-07,36.83125
2013-05-08,24.4041666666667
2013-05-09,20.455
2013-05-10,29.2229166666667
2013-05-11,24.6791666666667
2013-05-12,11.93625
2013-05-13,30.8204166666667
2013-05-14,35.6804166666667
2013-05-15,30.54625
2013-05-16,33.11875
2013-05-17,34.43875
2013-05-18,21.9558333333333
2013-05-19,8.41375
2013-05-20,19.6225
2013-05-21,38.2308333333333
2013-05-22,34.6641666666667
2013-05-23,40.9270833333333
2013-05-24,39.5179166666667
2013-05-25,29.29625
2013-05-26,23.1379166666667
2013-05-27,31.45125
2013-05-28,38.2170833333333
2013-05-29,34.7820833333333
2013-05-30,34.5395833333333
2013-05-31,32.1875
2013-06-01,27.0695833333333
2013-06-02,7.60541666666667
2013-06-03,31.4270833333333
2013-06-04,28.4029166666667
2013-06-05,38.3
2013-06-06,35.3504166666667
2013-06-07,31.9966666666667
2013-06-08,33.8795833333333
2013-06-09,26.5445833333333
2013-06-10,35.5275
2013-06-11,28.4483333333333
2013-06-12,31.05625
2013-06-13,28.2691666666667
2013-06-14,28.1375
2013-06-15,22.3991666666667
2013-06-16,38.62125
2013-06-17,41.5966666666667
2013-06-18,36.9945833333333
2013-06-19,70.2766666666667
2013-06-20,42.42875
2013-06-21,72.6533333333333
2013-06-22,28.0245833333333
2013-06-23,9.56166666666667
2013-06-24,38.70375
2013-06-25,33.4558333333333
2013-06-26,52.2366666666667
2013-06-27,44.2791666666667
2013-06-28,37.0166666666667
2013-06-29,25.3429166666667
2013-06-30,11.74
2013-07-01,36.3854166666667
2013-07-02,37.5975
2013-07-03,41.1229166666667
2013-07-04,42.3420833333333
2013-07-05,46.7666666666667
2013-07-06,52.32125
2013-07-07,33.7883333333333
2013-07-08,41.3470833333333
2013-07-09,47.12625
2013-07-10,38.3775
2013-07-11,47.4208333333333
2013-07-12,35.19625
2013-07-13,34.845
2013-07-14,20.6333333333333
2013-07-15,36.1783333333333
2013-07-16,39.5279166666667
2013-07-17,46.4554166666667
2013-07-18,46.1166666666667
2013-07-19,45.3941666666667
2013-07-20,38.6229166666667
2013-07-21,67.31625
2013-07-22,45.1091666666667
2013-07-23,46.8233333333333
2013-07-24,49.9966666666667
2013-07-25,54.6370833333333
2013-07-26,47.8170833333333
2013-07-27,73.1916666666666
2013-07-28,40.5875
2013-07-29,50.72125
2013-07-30,62.7245833333333
2013-07-31,38.8245833333333
2013-08-01,37.5983333333333
2013-08-02,49.3145833333334
2013-08-03,56.4379166666667
2013-08-04,26.4645833333333
2013-08-05,50.12875
2013-08-06,55.2975
2013-08-07,70.9070833333333
2013-08-08,51.46625
2013-08-09,53.9666666666667
2013-08-10,40.4920833333333
2013-08-11,35.8095833333333
2013-08-12,62.6775
2013-08-13,36.2891666666667
2013-08-14,38.0654166666667
2013-08-15,32.34
2013-08-16,41.3641666666667
2013-08-17,36.185
2013-08-18,66.4766666666666
2013-08-19,50.1383333333333
2013-08-20,47.62375
2013-08-21,48.6741666666667
2013-08-22,51.7925
2013-08-23,52.01875
2013-08-24,48.2416666666667
2013-08-25,43.75625
2013-08-26,47.64875
2013-08-27,50.7933333333333
2013-08-28,51.4279166666667
2013-08-29,51.9975
2013-08-30,49.1975
2013-08-31,35.5283333333333
2013-09-01,39.55625
2013-09-02,57.0379166666667
2013-09-03,49.4720833333333
2013-09-04,51.05
2013-09-05,47.5870833333333
2013-09-06,46.7083333333333
2013-09-07,51.2370833333333
2013-09-08,40.0658333333333
2013-09-09,51.5129166666667
2013-09-10,52.1125
2013-09-11,48.3270833333333
2013-09-12,49.87875
2013-09-13,47.7341666666667
2013-09-14,35.42
2013-09-15,41.0066666666667
2013-09-16,42.63875
2013-09-17,41.6245833333333
2013-09-18,48.62
2013-09-19,46.9570833333333
2013-09-20,50.30125
2013-09-21,39.2820833333333
2013-09-22,27.7091666666667
2013-09-23,43.6670833333333
2013-09-24,47.4104166666667
2013-09-25,53.3670833333333
2013-09-26,54.0604166666667
2013-09-27,52.31
2013-09-28,53.9125
2013-09-29,46.02875
2013-09-30,40.0995833333333
2013-10-01,68.5170833333333
2013-10-02,49.2354166666667
2013-10-03,61.2566666666667
2013-10-04,57.0458333333333
2013-10-05,42.1
2013-10-06,35.80875
2013-10-07,55.0620833333333
2013-10-08,55.7820833333333
2013-10-09,66.0708333333333
2013-10-10,56.6591666666667
2013-10-11,44.985
2013-10-12,50.0995833333333
2013-10-13,32.5525
2013-10-14,51.2316666666667
2013-10-15,55.5670833333333
2013-10-16,54.07125
2013-10-17,47.9916666666667
2013-10-18,40.605
2013-10-19,52.5120833333333
2013-10-20,33.825
2013-10-21,60.9779166666667
2013-10-22,52.8616666666667
2013-10-23,37.675
2013-10-24,44.2583333333333
2013-10-25,56.735
2013-10-26,46.7191666666667
2013-10-27,78.4384
2013-10-28,35.90125
2013-10-29,58.1983333333333
2013-10-30,43.9941666666667
2013-10-31,35.75
2013-11-01,26.2395833333333
2013-11-02,32.2970833333333
2013-11-03,33.05375
2013-11-04,33.03
2013-11-05,35.1729166666667
2013-11-06,40.19
2013-11-07,42.9445833333333
2013-11-08,46.0720833333333
2013-11-09,31.4858333333333
2013-11-10,38.7308333333333
2013-11-11,36.2233333333333
2013-11-12,45.8345833333333
2013-11-13,51.1866666666667
2013-11-14,48.14625
2013-11-15,50.2708333333333
2013-11-16,46.8016666666667
2013-11-17,37.8295833333333
2013-11-18,45.4275
2013-11-19,49.3625
2013-11-20,51.1033333333333
2013-11-21,48.5820833333333
2013-11-22,45.6670833333333
2013-11-23,37.1804166666667
2013-11-24,25.6466666666667
2013-11-25,39.1891666666667
2013-11-26,52.8866666666667
2013-11-27,43.7204166666667
2013-11-28,39.7929166666667
2013-11-29,42.2054166666667
2013-11-30,37.5445833333333
2013-12-01,63.12125
2013-12-02,52.62
2013-12-03,58.2733333333333
2013-12-04,48.3945833333333
2013-12-05,49.97
2013-12-06,71.1645833333333
2013-12-07,34.0595833333333
2013-12-08,30.4004166666667
2013-12-09,48.1708333333333
2013-12-10,61.3304166666667
2013-12-11,64.0641666666667
2013-12-12,65.3425
2013-12-13,60.7945833333333
2013-12-14,55.245
2013-12-15,45.9416666666667
2013-12-16,57.4495833333333
2013-12-17,68.6141666666667
2013-12-18,53.6191666666667
2013-12-19,61.6541666666666
2013-12-20,61.2554166666667
2013-12-21,54.5870833333333
2013-12-22,62.4958333333333
2013-12-23,81.5658333333333
2013-12-24,18.5170833333333
2013-12-25,26.9358333333333
2013-12-26,25.8225
2013-12-27,34.8475
2013-12-28,54.9129166666667
2013-12-29,53.6416666666667
2013-12-30,30.905
2013-12-31,50.5879166666667
2014-01-01,20.14375
2014-01-02,68.79958333333333
2014-01-03,46.34125
2014-01-04,23.700416666666666
2014-01-05,24.188333333333333
2014-01-06,44.35583333333334
2014-01-07,60.071666666666665
2014-01-08,48.71125
2014-01-09,50.80916666666667
2014-01-10,49.6775
2014-01-11,40.944583333333334
2014-01-12,23.561666666666667
2014-01-13,47.11416666666667
2014-01-14,52.54708333333333
2014-01-15,47.16
2014-01-16,52.04708333333333
2014-01-17,38.45666666666666
2014-01-18,33.501666666666665
2014-01-19,21.969166666666666
2014-01-20,42.139583333333334
2014-01-21,50.78125
2014-01-22,51.05375
2014-01-23,47.344166666666666
2014-01-24,49.35375
2014-01-25,34.0725
2014-01-26,27.400833333333335
2014-01-27,41.67791666666667
2014-01-28,53.98791666666666
2014-01-29,41.50208333333333
2014-01-30,46.04875
2014-01-31,44.843333333333334
2014-02-01,29.06875
2014-02-02,30.08416666666667
2014-02-03,45.865833333333335
2014-02-04,43.98583333333333
2014-02-05,42.670833333333334
2014-02-06,37.772083333333335
2014-02-07,33.038333333333334
2014-02-08,49.25083333333333
2014-02-09,24.55125
2014-02-10,38.56916666666667
2014-02-11,36.95875
2014-02-12,36.53958333333333
2014-02-13,32.98916666666667
2014-02-14,34.0675
2014-02-15,20.755
2014-02-16,18.097083333333334
2014-02-17,40.13625
2014-02-18,39.82041666666667
2014-02-19,41.744166666666665
2014-02-20,39.51208333333334
2014-02-21,34.85666666666667
2014-02-22,28.265416666666667
2014-02-23,20.9575
2014-02-24,31.38083333333333
2014-02-25,34.69166666666667
2014-02-26,38.57041666666667
2014-02-27,39.45166666666667
2014-02-28,39.24666666666667
2014-03-01,34.364583333333336
2014-03-02,29.2675
2014-03-03,40.3725
2014-03-04,46.48791666666666
2014-03-05,45.96125
2014-03-06,40.525
2014-03-07,37.51375
2014-03-08,25.47458333333333
2014-03-09,15.46625
2014-03-10,34.52
2014-03-11,34.687083333333334
2014-03-12,36.92625
2014-03-13,40.8225
2014-03-14,34.751666666666665
2014-03-15,26.326666666666668
2014-03-16,7.5529166666666665
2014-03-17,26.695
2014-03-18,33.01625
2014-03-19,24.791666666666668
2014-03-20,27.528333333333332
2014-03-21,26.766666666666666
2014-03-22,30.53375
2014-03-23,27.65
2014-03-24,40.73
2014-03-25,37.56375
2014-03-26,44.2875
2014-03-27,38.03
2014-03-28,33.8425
2014-03-29,32.42666666666667
2014-03-30,28.86173913043478
2014-03-31,46.452083333333334
2014-04-01,46.384166666666665
2014-04-02,41.14541666666667
2014-04-03,38.60916666666667
2014-04-04,42.525416666666665
2014-04-05,35.00666666666667
2014-04-06,33.475833333333334
2014-04-07,43.2725
2014-04-08,45.615833333333335
2014-04-09,43.42375
2014-04-10,42.22291666666667
2014-04-11,45.8825
2014-04-12,55.747083333333336
2014-04-13,39.04666666666667
2014-04-14,56.028333333333336
2014-04-15,38.75416666666667
2014-04-16,50.57041666666667
2014-04-17,45.79
2014-04-18,49.3175
2014-04-19,39.30041666666666
2014-04-20,13.767916666666666
2014-04-21,19.88125
2014-04-22,55.369166666666665
2014-04-23,38.78
2014-04-24,49.42875
2014-04-25,35.31875
2014-04-26,40.625
2014-04-27,27.275833333333335
2014-04-28,54.86958333333333
2014-04-29,41.01208333333334
2014-04-30,38.339166666666664
2014-05-01,22.995
2014-05-02,28.7625
2014-05-03,37.047916666666666
2014-05-04,18.7075
2014-05-05,38.5975
2014-05-06,36.497083333333336
2014-05-07,37.120416666666664
2014-05-08,30.536666666666665
2014-05-09,35.34458333333333
2014-05-10,33.18833333333333
2014-05-11,35.29541666666667
2014-05-12,34.44958333333334
2014-05-13,37.71125
2014-05-14,34.7025
2014-05-15,38.08833333333333
2014-05-16,33.91375
2014-05-17,31.85333333333333
2014-05-18,25.38375
2014-05-19,51.95791666666667
2014-05-20,43.15625
2014-05-21,42.468333333333334
2014-05-22,36.49166666666667
2014-05-23,41.084583333333335
2014-05-24,55.757083333333334
2014-05-25,26.191666666666666
2014-05-26,41.6475
2014-05-27,50.33625
2014-05-28,46.82875
2014-05-29,38.405
2014-05-30,36.61333333333334
2014-05-31,33.54625
2014-06-01,21.7875
2014-06-02,36.825
2014-06-03,42.22833333333333
2014-06-04,42.681666666666665
2014-06-05,35.4325
2014-06-06,34.13791666666667
2014-06-07,43.36
2014-06-08,21.292083333333334
2014-06-09,24.410416666666666
2014-06-10,47.61958333333333
2014-06-11,46.57958333333333
2014-06-12,58.33583333333333
2014-06-13,45.18958333333333
2014-06-14,33.314166666666665
2014-06-15,45.37583333333333
2014-06-16,47.655
2014-06-17,47.70375
2014-06-18,45.587916666666665
2014-06-19,33.294583333333335
2014-06-20,41.23458333333333
2014-06-21,26.627083333333335
2014-06-22,35.177083333333336
2014-06-23,50.05041666666666
2014-06-24,43.14375
2014-06-25,45.255833333333335
2014-06-26,43.31666666666667
2014-06-27,44.13583333333333
2014-06-28,44.01875
2014-06-29,29.42
2014-06-30,37.555
2014-07-01,36.350833333333334
2014-07-02,38.7975
2014-07-03,39.135
2014-07-04,37.91916666666667
2014-07-05,33.71
2014-07-06,31.6975
2014-07-07,45.899166666666666
2014-07-08,44.392916666666665
2014-07-09,47.961666666666666
2014-07-10,34.382083333333334
2014-07-11,34.5125
2014-07-12,34.10666666666667
2014-07-13,38.336666666666666
2014-07-14,44.58125
2014-07-15,36.15541666666667
2014-07-16,38.935
2014-07-17,42.55583333333333
2014-07-18,41.924166666666665
2014-07-19,40.94541666666667
2014-07-20,30.046666666666667
2014-07-21,41.33083333333333
2014-07-22,44.25125
2014-07-23,41.354166666666664
2014-07-24,42.63041666666667
2014-07-25,42.61125
2014-07-26,41.40833333333333
2014-07-27,29.660833333333333
2014-07-28,40.827083333333334
2014-07-29,43.4825
2014-07-30,39.44375
2014-07-31,39.32125
2014-08-01,40.94625
2014-08-02,29.986666666666668
2014-08-03,24.40125
2014-08-04,37.57333333333333
2014-08-05,40.17916666666667
2014-08-06,35.215833333333336
2014-08-07,37.750416666666666
2014-08-08,34.38041666666667
2014-08-09,40.85041666666667
2014-08-10,28.685416666666665
2014-08-11,49.54375
2014-08-12,43.09125
2014-08-13,39.61708333333333
2014-08-14,41.44583333333333
2014-08-15,29.854583333333334
2014-08-16,24.030416666666667
2014-08-17,20.545833333333334
2014-08-18,36.45708333333334
2014-08-19,41.16916666666667
2014-08-20,33.63583333333333
2014-08-21,39.46333333333333
2014-08-22,33.41416666666667
2014-08-23,31.463333333333335
2014-08-24,15.042083333333334
2014-08-25,36.14666666666667
2014-08-26,39.47833333333333
2014-08-27,38.45708333333334
2014-08-28,48.876666666666665
2014-08-29,42.692083333333336
2014-08-30,47.138333333333335
2014-08-31,34.16
2014-09-01,47.559583333333336
2014-09-02,40.537083333333335
2014-09-03,44.04291666666666
2014-09-04,50.285833333333336
2014-09-05,40.4275
2014-09-06,30.698333333333334
2014-09-07,29.6875
2014-09-08,44.23083333333334
2014-09-09,53.37416666666667
2014-09-10,58.47875
2014-09-11,45.63625
2014-09-12,42.11125
2014-09-13,34.556666666666665
2014-09-14,25.047083333333333
2014-09-15,40.259166666666665
2014-09-16,41.303333333333335
2014-09-17,44.47833333333333
2014-09-18,38.264583333333334
2014-09-19,43.35791666666667
2014-09-20,36.745
2014-09-21,26.625833333333333
2014-09-22,34.21875
2014-09-23,42.33833333333333
2014-09-24,43.3225
2014-09-25,43.87125
2014-09-26,39.02458333333333
2014-09-27,37.91791666666666
2014-09-28,28.54125
2014-09-29,43.454166666666666
2014-09-30,46.26833333333333
2014-10-01,50.60541666666666
2014-10-02,49.61875
2014-10-03,47.86083333333333
2014-10-04,34.45583333333333
2014-10-05,30.99
2014-10-06,61.895
2014-10-07,79.18458333333334
2014-10-08,44.05166666666667
2014-10-09,55.60208333333333
2014-10-10,68.29041666666667
2014-10-11,56.52916666666667
2014-10-12,62.48166666666667
2014-10-13,56.903333333333336
2014-10-14,50.12083333333333
2014-10-15,49.40875
2014-10-16,50.325833333333335
2014-10-17,57.236666666666665
2014-10-18,65.68958333333333
2014-10-19,34.627916666666664
2014-10-20,65.17291666666667
2014-10-21,67.63041666666666
2014-10-22,47.70291666666667
2014-10-23,44.540416666666665
2014-10-24,47.27
2014-10-25,41.43
2014-10-26,34.68
2014-10-27,52.71041666666667
2014-10-28,56.25833333333333
2014-10-29,61.51
2014-10-30,55.74916666666667
2014-10-31,62.4125
2014-11-01,36.035833333333336
2014-11-02,72.75875
2014-11-03,72.01458333333333
2014-11-04,63.80166666666667
2014-11-05,44.79541666666667
2014-11-06,67.37833333333333
2014-11-07,51.51125
2014-11-08,45.041666666666664
2014-11-09,25.520416666666666
2014-11-10,49.276666666666664
2014-11-11,45.66708333333333
2014-11-12,41.870416666666664
2014-11-13,45.66166666666667
2014-11-14,45.2025
2014-11-15,29.990833333333335
2014-11-16,30.5775
2014-11-17,41.7925
2014-11-18,45.860416666666666
2014-11-19,48.70458333333333
2014-11-20,46.975
2014-11-21,44.20333333333333
2014-11-22,41.68416666666667
2014-11-23,31.299583333333334
2014-11-24,41.6975
2014-11-25,47.526666666666664
2014-11-26,49.84625
2014-11-27,51.83
2014-11-28,49.70125
2014-11-29,44.0475
2014-11-30,34.1125
2014-12-01,41.1825
2014-12-02,52.60208333333333
2014-12-03,55.18
2014-12-04,55.67958333333333
2014-12-05,53.5775
2014-12-06,42.17791666666667
2014-12-07,32.9475
2014-12-08,45.382083333333334
2014-12-09,50.61083333333333
2014-12-10,44.95625
2014-12-11,47.31875
2014-12-12,44.954166666666666
2014-12-13,42.86708333333333
2014-12-14,40.94583333333333
2014-12-15,47.55166666666667
2014-12-16,50.380833333333335
2014-12-17,50.79291666666666
2014-12-18,49.994166666666665
2014-12-19,35.28333333333333
2014-12-20,38.02291666666667
2014-12-21,28.3275
2014-12-22,32.61416666666667
2014-12-23,28.8675
2014-12-24,30.355416666666667
2014-12-25,24.719166666666666
2014-12-26,32.44958333333334
2014-12-27,39.270833333333336
2014-12-28,38.925
2014-12-29,39.45375
2014-12-30,41.663333333333334
2014-12-31,32.47208333333333
2015-01-01,33.09
2015-01-02,43.775416666666665
2015-01-03,38.31791666666667
2015-01-04,40.35541666666666
2015-01-05,44.70291666666667
2015-01-06,43.41458333333333
2015-01-07,47.52708333333333
2015-01-08,59.0175
2015-01-09,44.39041666666667
2015-01-10,43.89375
2015-01-11,34.284166666666664
2015-01-12,38.930416666666666
2015-01-13,47.687083333333334
2015-01-14,48.694583333333334
2015-01-15,46.32791666666667
2015-01-16,43.397083333333335
2015-01-17,33.9675
2015-01-18,31.670416666666668
2015-01-19,48.50666666666667
2015-01-20,45.83625
2015-01-21,45.376666666666665
2015-01-22,44.56666666666667
2015-01-23,43.9875
2015-01-24,32.221666666666664
2015-01-25,30.077916666666667
2015-01-26,42.343333333333334
2015-01-27,47.672916666666666
2015-01-28,42.90416666666667
2015-01-29,46.16916666666667
2015-01-30,41.427083333333336
2015-01-31,33.25791666666667
2015-02-01,37.35875
2015-02-02,41.88583333333333
2015-02-03,45.98416666666667
2015-02-04,48.68666666666667
2015-02-05,45.26208333333334
2015-02-06,39.63333333333333
2015-02-07,41.427083333333336
2015-02-08,19.471666666666668
2015-02-09,33.022083333333335
2015-02-10,43.64041666666667
2015-02-11,47.13291666666667
2015-02-12,46.3925
2015-02-13,42.74125
2015-02-14,44.86375
2015-02-15,41.531666666666666
2015-02-16,44.66291666666667
2015-02-17,44.13333333333333
2015-02-18,45.25625
2015-02-19,44.01833333333333
2015-02-20,45.600833333333334
2015-02-21,36.95875
2015-02-22,30.798333333333332
2015-02-23,35.64833333333333
2015-02-24,39.07041666666667
2015-02-25,43.14541666666667
2015-02-26,45.329166666666666
2015-02-27,42.715833333333336
2015-02-28,38.88041666666667
2015-03-01,40.62125
2015-03-02,41.749583333333334
2015-03-03,41.785833333333336
2015-03-04,42.909166666666664
2015-03-05,40.047916666666666
2015-03-06,38.76416666666667
2015-03-07,28.78125
2015-03-08,19.675833333333333
2015-03-09,39.30041666666666
2015-03-10,42.15416666666667
2015-03-11,42.52291666666667
2015-03-12,41.685
2015-03-13,37.848333333333336
2015-03-14,33.96458333333333
2015-03-15,22.56625
2015-03-16,35.01541666666667
2015-03-17,36.608333333333334
2015-03-18,35.732083333333335
2015-03-19,41.85333333333333
2015-03-20,36.600833333333334
2015-03-21,33.26166666666666
2015-03-22,27.610416666666666
2015-03-23,45.64416666666666
2015-03-24,42.815
2015-03-25,39.66791666666666
2015-03-26,40.571666666666665
2015-03-27,34.58083333333333
2015-03-28,29.777083333333334
2015-03-29,16.332608695652173
2015-03-30,25.320416666666667
2015-03-31,29.645833333333332
2015-04-01,38.901666666666664
2015-04-02,36.85208333333333
2015-04-03,33.91125
2015-04-04,33.930416666666666
2015-04-05,23.415416666666665
2015-04-06,23.514166666666668
2015-04-07,45.63125
2015-04-08,41.49875
2015-04-09,43.3475
2015-04-10,39.16416666666667
2015-04-11,34.24375
2015-04-12,20.645
2015-04-13,27.718333333333334
2015-04-14,43.88875
2015-04-15,32.02458333333333
2015-04-16,35.88916666666667
2015-04-17,38.509166666666665
2015-04-18,27.765416666666667
2015-04-19,20.455
2015-04-20,34.86375
2015-04-21,39.08583333333333
2015-04-22,37.579166666666666
2015-04-23,37.619166666666665
2015-04-24,38.19125
2015-04-25,29.1975
2015-04-26,23.49041666666667
2015-04-27,34.16708333333333
2015-04-28,37.92541666666666
2015-04-29,35.208333333333336
2015-04-30,33.8925
2015-05-01,24.230833333333333
2015-05-02,26.789166666666667
2015-05-03,19.017916666666668
2015-05-04,33.08125
2015-05-05,33.9525
2015-05-06,31.797916666666666
2015-05-07,32.09875
2015-05-08,32.6075
2015-05-09,32.57833333333333
2015-05-10,17.868333333333332
2015-05-11,31.011666666666667
2015-05-12,31.835833333333333
2015-05-13,32.204166666666666
2015-05-14,33.05375
2015-05-15,33.29375
2015-05-16,29.310416666666665
2015-05-17,13.742916666666666
2015-05-18,31.4425
2015-05-19,29.734583333333333
2015-05-20,36.205416666666665
2015-05-21,34.27875
2015-05-22,33.48583333333333
2015-05-23,25.94625
2015-05-24,21.140833333333333
2015-05-25,21.7375
2015-05-26,37.32
2015-05-27,35.037083333333335
2015-05-28,30.32208333333333
2015-05-29,31.433333333333334
2015-05-30,34.361666666666665
2015-05-31,28.13
2015-06-01,39.27125
2015-06-02,41.874583333333334
2015-06-03,40.420833333333334
2015-06-04,34.67541666666666
2015-06-05,34.02041666666667
2015-06-06,25.999166666666667
2015-06-07,20.6025
2015-06-08,34.995416666666664
2015-06-09,35.16041666666667
2015-06-10,40.755
2015-06-11,35.364583333333336
2015-06-12,37.32375
2015-06-13,28.49125
2015-06-14,18.7
2015-06-15,42.005833333333335
2015-06-16,40.66125
2015-06-17,35.3825
2015-06-18,34.58083333333333
2015-06-19,33.78916666666667
2015-06-20,30.732916666666668
2015-06-21,24.304166666666667
2015-06-22,35.98
2015-06-23,37.9375
2015-06-24,34.195
2015-06-25,35.96375
2015-06-26,36.24625
2015-06-27,28.752916666666668
2015-06-28,22.895
2015-06-29,37.2225
2015-06-30,39.247083333333336
2015-07-01,36.407916666666665
2015-07-02,39.802083333333336
2015-07-03,46.622083333333336
2015-07-04,40.619166666666665
2015-07-05,31.272916666666667
2015-07-06,49.51208333333334
2015-07-07,61.204166666666666
2015-07-08,59.10125
2015-07-09,46.57041666666667
2015-07-10,65.75958333333334
2015-07-11,44.66708333333333
2015-07-12,38.07416666666666
2015-07-13,50.452083333333334
2015-07-14,55.44916666666666
2015-07-15,48.36083333333333
2015-07-16,56.385416666666664
2015-07-17,60.06125
2015-07-18,66.9825
2015-07-19,53.52375
2015-07-20,58.89625
2015-07-21,69.25166666666667
2015-07-22,84.08041666666666
2015-07-23,90.45125
2015-07-24,70.36208333333333
2015-07-25,45.0125
2015-07-26,39.00208333333333
2015-07-27,43.104166666666664
2015-07-28,56.49041666666667
2015-07-29,42.96375
2015-07-30,33.910833333333336
2015-07-31,38.444583333333334
2015-08-01,37.794583333333335
2015-08-02,28.190416666666668
2015-08-03,38.2775
2015-08-04,41.124583333333334
2015-08-05,42.71041666666667
2015-08-06,44.4725
2015-08-07,47.264583333333334
2015-08-08,40.34791666666667
2015-08-09,34.13625
2015-08-10,49.807916666666664
2015-08-11,46.8175
2015-08-12,48.54833333333333
2015-08-13,47.29708333333333
2015-08-14,48.29708333333333
2015-08-15,44.562083333333334
2015-08-16,37.044583333333335
2015-08-17,46.3375
2015-08-18,44.88791666666667
2015-08-19,42.80166666666667
2015-08-20,38.259166666666665
2015-08-21,33.624583333333334
2015-08-22,32.37625
2015-08-23,28.735
2015-08-24,39.702083333333334
2015-08-25,49.888333333333335
2015-08-26,53.40875
2015-08-27,45.66416666666667
2015-08-28,47.03
2015-08-29,44.18
2015-08-30,37.41416666666667
2015-08-31,56.139583333333334
2015-09-01,85.425
2015-09-02,65.06625
2015-09-03,53.380833333333335
2015-09-04,54.43875
2015-09-05,56.858333333333334
2015-09-06,36.44625
2015-09-07,51.156666666666666
2015-09-08,49.95916666666667
2015-09-09,51.568333333333335
2015-09-10,48.60541666666666
2015-09-11,50.4375
2015-09-12,47.4025
2015-09-13,40.630833333333335
2015-09-14,45.221666666666664
2015-09-15,51.26708333333333
2015-09-16,49.31625
2015-09-17,46.639583333333334
2015-09-18,51.935833333333335
2015-09-19,43.82208333333333
2015-09-20,37.18958333333333
2015-09-21,42.10958333333333
2015-09-22,42.07875
2015-09-23,48.0575
2015-09-24,43.9625
2015-09-25,41.212916666666665
2015-09-26,40.37875
2015-09-27,31.7625
2015-09-28,34.42916666666667
2015-09-29,44.26166666666666
2015-09-30,43.20166666666667
2015-10-01,44.82125
2015-10-02,44.19916666666666
2015-10-03,39.195
2015-10-04,36.052083333333336
2015-10-05,45.485416666666666
2015-10-06,49.81041666666667
2015-10-07,46.655833333333334
2015-10-08,46.60625
2015-10-09,48.0925
2015-10-10,40.522083333333335
2015-10-11,26.57208333333333
2015-10-12,79.60375
2015-10-13,48.04666666666667
2015-10-14,49.63125
2015-10-15,47.99875
2015-10-16,49.32666666666667
2015-10-17,39.35166666666667
2015-10-18,34.64375
2015-10-19,47.94708333333333
2015-10-20,48.66916666666667
2015-10-21,43.49166666666667
2015-10-22,39.96083333333333
2015-10-23,37.62166666666667
2015-10-24,37.14958333333333
2015-10-25,35.3868
2015-10-26,44.84625
2015-10-27,42.555416666666666
2015-10-28,45.516666666666666
2015-10-29,48.86125
2015-10-30,45.77458333333333
2015-10-31,33.42
2015-11-01,33.299166666666665
2015-11-02,44.02791666666667
2015-11-03,43.90958333333333
2015-11-04,44.1125
2015-11-05,46.157916666666665
2015-11-06,50.284166666666664
2015-11-07,46.8375
2015-11-08,35.626666666666665
2015-11-09,40.190416666666664
2015-11-10,47.922916666666666
2015-11-11,47.20666666666666
2015-11-12,45.093333333333334
2015-11-13,44.94958333333334
2015-11-14,41.028333333333336
2015-11-15,39.98166666666667
2015-11-16,36.08708333333333
2015-11-17,46.814166666666665
2015-11-18,47.01958333333334
2015-11-19,42.70291666666667
2015-11-20,38.5825
2015-11-21,35.239583333333336
2015-11-22,28.147083333333335
2015-11-23,44.22125
2015-11-24,39.439166666666665
2015-11-25,44.89083333333333
2015-11-26,47.403333333333336
2015-11-27,39.06583333333333
2015-11-28,38.71333333333333
2015-11-29,30.340833333333332
2015-11-30,36.14625
2015-12-01,41.954166666666666
2015-12-02,43.538333333333334
2015-12-03,44.748333333333335
2015-12-04,50.100833333333334
2015-12-05,42.90125
2015-12-06,37.694583333333334
2015-12-07,43.835
2015-12-08,40.1325
2015-12-09,43.272083333333335
2015-12-10,46.684583333333336
2015-12-11,48.89083333333333
2015-12-12,42.85791666666667
2015-12-13,41.1775
2015-12-14,46.557916666666664
2015-12-15,52.86833333333333
2015-12-16,51.01
2015-12-17,46.46666666666667
2015-12-18,44.355
2015-12-19,46.397083333333335
2015-12-20,41.877916666666664
2015-12-21,45.684583333333336
2015-12-22,49.43208333333333
2015-12-23,49.1425
2015-12-24,37.475
2015-12-25,32.749583333333334
2015-12-26,25.504583333333333
2015-12-27,29.6075
2015-12-28,39.16416666666667
2015-12-29,39.850833333333334
2015-12-30,35.19416666666667
2015-12-31,29.270416666666666
2016-01-01,36.47
2016-01-02,39.16041666666667
2016-01-03,39.55833333333333
2016-01-04,45.99625
2016-01-05,49.860416666666666
2016-01-06,43.82208333333333
2016-01-07,47.91708333333333
2016-01-08,47.432916666666664
2016-01-09,42.07625
2016-01-10,37.705
2016-01-11,39.829166666666666
2016-01-12,43.19375
2016-01-13,37.66458333333333
2016-01-14,38.276666666666664
2016-01-15,41.46541666666667
2016-01-16,34.806666666666665
2016-01-17,27.134166666666665
2016-01-18,41.44416666666667
2016-01-19,44.428333333333335
2016-01-20,51.744166666666665
2016-01-21,61.22
2016-01-22,44.65833333333333
2016-01-23,43.84583333333333
2016-01-24,42.68625
2016-01-25,51.455
2016-01-26,46.75666666666667
2016-01-27,49.02708333333333
2016-01-28,46.069583333333334
2016-01-29,46.35875
2016-01-30,43.60125
2016-01-31,30.469166666666666
2016-02-01,36.21541666666667
2016-02-02,41.25875
2016-02-03,38.747083333333336
2016-02-04,32.17791666666667
2016-02-05,34.97875
2016-02-06,29.797083333333333
2016-02-07,16.689166666666665
2016-02-08,26.87125
2016-02-09,30.672916666666666
2016-02-10,25.27125
2016-02-11,26.523333333333333
2016-02-12,33.03208333333333
2016-02-13,23.151666666666667
2016-02-14,13.68625
2016-02-15,24.997083333333332
2016-02-16,29.8425
2016-02-17,25.0225
2016-02-18,25.510833333333334
2016-02-19,28.24125
2016-02-20,21.25583333333333
2016-02-21,11.67375
2016-02-22,18.515
2016-02-23,24.232916666666668
2016-02-24,25.657916666666665
2016-02-25,29.402916666666666
2016-02-26,28.18
2016-02-27,24.229583333333334
2016-02-28,16.798333333333332
2016-02-29,23.457916666666666
2016-03-01,23.594166666666666
2016-03-02,23.81
2016-03-03,28.33416666666667
2016-03-04,26.270416666666666
2016-03-05,22.13875
2016-03-06,16.88625
2016-03-07,28.657916666666665
2016-03-08,28.55291666666667
2016-03-09,25.23125
2016-03-10,26.5625
2016-03-11,26.87
2016-03-12,25.748333333333335
2016-03-13,20.920416666666668
2016-03-14,26.417083333333334
2016-03-15,33.502916666666664
2016-03-16,35.397083333333335
2016-03-17,35.31333333333333
2016-03-18,27.800416666666667
2016-03-19,24.8025
2016-03-20,16.67875
2016-03-21,30.264166666666668
2016-03-22,33.41458333333333
2016-03-23,29.167083333333334
2016-03-24,28.410833333333333
2016-03-25,26.05666666666667
2016-03-26,23.100416666666668
2016-03-27,10.74391304347826
2016-03-28,9.07125
2016-03-29,28.069166666666668
2016-03-30,29.232083333333332
2016-03-31,29.288333333333334
2016-04-01,27.690416666666668
2016-04-02,22.990833333333335
2016-04-03,18.588333333333335
2016-04-04,28.3425
2016-04-05,32.17958333333333
2016-04-06,28.3825
2016-04-07,27.09625
2016-04-08,28.594166666666666
2016-04-09,26.155833333333334
2016-04-10,23.446666666666665
2016-04-11,28.7025
2016-04-12,31.910833333333333
2016-04-13,32.49916666666667
2016-04-14,29.245
2016-04-15,25.873333333333335
2016-04-16,22.279166666666665
2016-04-17,23.564583333333335
2016-04-18,34.413333333333334
2016-04-19,29.8925
2016-04-20,26.36625
2016-04-21,29.373333333333335
2016-04-22,26.946666666666665
2016-04-23,27.356666666666666
2016-04-24,21.799166666666668
2016-04-25,39.52583333333333
2016-04-26,38.5775
2016-04-27,36.43666666666667
2016-04-28,40.67041666666667
2016-04-29,35.034166666666664
2016-04-30,31.550416666666667
2016-05-01,16.942083333333333
2016-05-02,27.495416666666667
2016-05-03,27.350833333333334
2016-05-04,29.378333333333334
2016-05-05,25.876666666666665
2016-05-06,31.3775
2016-05-07,31.53708333333333
2016-05-08,19.329583333333332
2016-05-09,31.575
2016-05-10,35.135
2016-05-11,32.47541666666667
2016-05-12,29.910833333333333
2016-05-13,27.29083333333333
2016-05-14,15.655833333333334
2016-05-15,6.245416666666666
2016-05-16,28.867083333333333
2016-05-17,31.287916666666668
2016-05-18,32.20708333333334
2016-05-19,31.6825
2016-05-20,29.4775
2016-05-21,25.479583333333334
2016-05-22,12.445833333333333
2016-05-23,30.515
2016-05-24,31.39875
2016-05-25,31.85875
2016-05-26,29.012916666666666
2016-05-27,30.601666666666667
2016-05-28,24.639166666666668
2016-05-29,17.9725
2016-05-30,33.656666666666666
2016-05-31,33.30625
2016-06-01,35.335
2016-06-02,34.062916666666666
2016-06-03,34.15083333333333
2016-06-04,25.373333333333335
2016-06-05,20.715833333333332
2016-06-06,34.150416666666665
2016-06-07,33.63583333333333
2016-06-08,38.55125
2016-06-09,39.79333333333334
2016-06-10,30.711666666666666
2016-06-11,30.3075
2016-06-12,24.7275
2016-06-13,33.0475
2016-06-14,33.218333333333334
2016-06-15,34.522083333333335
2016-06-16,31.330833333333334
2016-06-17,30.159583333333334
2016-06-18,24.1575
2016-06-19,20.7975
2016-06-20,45.05416666666667
2016-06-21,34.185
2016-06-22,35.8175
2016-06-23,38.45625
2016-06-24,36.151666666666664
2016-06-25,34.47291666666667
2016-06-26,27.516666666666666
2016-06-27,38.944583333333334
2016-06-28,34.545833333333334
2016-06-29,33.950833333333335
2016-06-30,34.74916666666667
2016-07-01,40.21375
2016-07-02,40.13333333333333
2016-07-03,30.489166666666666
2016-07-04,31.574583333333333
2016-07-05,36.03
2016-07-06,36.635416666666664
2016-07-07,36.122083333333336
2016-07-08,33.85458333333333
2016-07-09,33.14958333333333
2016-07-10,25.1625
2016-07-11,38.54958333333333
2016-07-12,45.70291666666667
2016-07-13,40.88916666666667
2016-07-14,39.10666666666667
2016-07-15,34.855
2016-07-16,30.22625
2016-07-17,24.483333333333334
2016-07-18,34.350833333333334
2016-07-19,33.702083333333334
2016-07-20,37.78375
2016-07-21,36.57416666666666
2016-07-22,33.98416666666667
2016-07-23,36.10375
2016-07-24,32.270833333333336
2016-07-25,38.14458333333334
2016-07-26,37.74041666666667
2016-07-27,36.825
2016-07-28,37.28
2016-07-29,39.102916666666665
2016-07-30,32.50958333333333
2016-07-31,26.89125
2016-08-01,36.9225
2016-08-02,39.836666666666666
2016-08-03,37.84375
2016-08-04,36.67208333333333
2016-08-05,36.53541666666667
2016-08-06,38.01958333333334
2016-08-07,23.95375
2016-08-08,32.955
2016-08-09,36.88375
2016-08-10,33.297916666666666
2016-08-11,32.39791666666667
2016-08-12,28.346666666666668
2016-08-13,26.825416666666666
2016-08-14,26.059583333333332
2016-08-15,30.67375
2016-08-16,33.60125
2016-08-17,33.352916666666665
2016-08-18,33.91875
2016-08-19,34.44
2016-08-20,28.1425
2016-08-21,24.17875
2016-08-22,30.355
2016-08-23,31.739166666666666
2016-08-24,34.354166666666664
2016-08-25,30.26875
2016-08-26,34.02583333333333
2016-08-27,37.876666666666665
2016-08-28,32.75791666666667
2016-08-29,34.91833333333334
2016-08-30,35.985
2016-08-31,35.903333333333336
2016-09-01,38.53458333333333
2016-09-02,37.367916666666666
2016-09-03,35.60666666666667
2016-09-04,29.585416666666667
2016-09-05,36.50416666666667
2016-09-06,35.47375
2016-09-07,33.799166666666665
2016-09-08,37.135416666666664
2016-09-09,34.274166666666666
2016-09-10,35.42666666666667
2016-09-11,29.577916666666667
2016-09-12,36.98125
2016-09-13,39.70791666666667
2016-09-14,42.92541666666666
2016-09-15,36.60541666666666
2016-09-16,34.12875
2016-09-17,35.04541666666667
2016-09-18,32.79541666666667
2016-09-19,37.34375
2016-09-20,34.88708333333334
2016-09-21,37.370416666666664
2016-09-22,36.052083333333336
2016-09-23,33.336666666666666
2016-09-24,37.8025
2016-09-25,34.03125
2016-09-26,38.27625
2016-09-27,42.22708333333333
2016-09-28,40.16875
2016-09-29,38.162083333333335
2016-09-30,42.3975
2016-10-01,45.25333333333333
2016-10-02,41.26375
2016-10-03,61.224583333333335
2016-10-04,35.810833333333335
2016-10-05,41.53125
2016-10-06,51.06375
2016-10-07,48.468333333333334
2016-10-08,34.46
2016-10-09,39.482083333333335
2016-10-10,63.92625
2016-10-11,54.50541666666667
2016-10-12,57.428333333333335
2016-10-13,58.098333333333336
2016-10-14,47.8025
2016-10-15,42.48625
2016-10-16,34.16375
2016-10-17,45.259166666666665
2016-10-18,49.14875
2016-10-19,51.09
2016-10-20,50.678333333333335
2016-10-21,44.25208333333333
2016-10-22,47.111666666666665
2016-10-23,34.2775
2016-10-24,40.44
2016-10-25,51.067083333333336
2016-10-26,45.86541666666667
2016-10-27,40.49666666666667
2016-10-28,39.67458333333333
2016-10-29,36.327083333333334
2016-10-30,37.17
2016-10-31,44.14375
2016-11-01,36.9475
2016-11-02,40.05375
2016-11-03,52.13625
2016-11-04,44.3675
2016-11-05,42.18208333333333
2016-11-06,34.90875
2016-11-07,46.12166666666667
2016-11-08,55.462916666666665
2016-11-09,49.844166666666666
2016-11-10,51.20125
2016-11-11,49.45916666666667
2016-11-12,40.282916666666665
2016-11-13,36.01375
2016-11-14,41.2225
2016-11-15,38.61333333333334
2016-11-16,43.00625
2016-11-17,38.165416666666665
2016-11-18,34.961666666666666
2016-11-19,30.344166666666666
2016-11-20,18.774583333333332
2016-11-21,34.11708333333333
2016-11-22,39.51833333333333
2016-11-23,44.736666666666665
2016-11-24,39.25791666666667
2016-11-25,42.297916666666666
2016-11-26,39.745416666666664
2016-11-27,30.075833333333332
2016-11-28,42.69875
2016-11-29,43.15541666666667
2016-11-30,39.57791666666667
2016-12-01,42.97958333333333
2016-12-02,41.937916666666666
2016-12-03,40.66625
2016-12-04,37.5025
2016-12-05,49.5275
2016-12-06,53.38791666666667
2016-12-07,48.80583333333333
2016-12-08,42.4375
2016-12-09,42.91916666666667
2016-12-10,42.1875
2016-12-11,32.19541666666667
2016-12-12,47.73708333333333
2016-12-13,50.60916666666667
2016-12-14,57.17875
2016-12-15,50.70166666666667
2016-12-16,57.634166666666665
2016-12-17,50.3925
2016-12-18,49.43
2016-12-19,63.32375
2016-12-20,51.98291666666667
2016-12-21,55.875
2016-12-22,60.62375
2016-12-23,57.54875
2016-12-24,55.906666666666666
2016-12-25,49.56166666666667
2016-12-26,44.26625
2016-12-27,54.6125
2016-12-28,45.76
2016-12-29,49.9
2016-12-30,45.346666666666664
2016-12-31,50.2325
2017-01-01,41.25416666666667
2017-01-02,49.70708333333334
2017-01-03,62.14041666666667
2017-01-04,55.97125
2017-01-05,55.151666666666664
2017-01-06,51.33083333333333
2017-01-07,50.23375
2017-01-08,53.86958333333333
2017-01-09,74.52416666666667
2017-01-10,97.09041666666667
2017-01-11,150.01666666666668
2017-01-12,79.79083333333334
2017-01-13,73.68541666666667
2017-01-14,66.06708333333333
2017-01-15,74.2375
2017-01-16,81.73
2017-01-17,89.94666666666667
2017-01-18,83.76833333333333
2017-01-19,94.745
2017-01-20,97.64875
2017-01-21,79.77541666666667
2017-01-22,53.61541666666667
2017-01-23,90.70625
2017-01-24,99.10875
2017-01-25,97.99916666666667
2017-01-26,95.94708333333334
2017-01-27,108.99958333333333
2017-01-28,109.68208333333334
2017-01-29,83.24
2017-01-30,104.27625
2017-01-31,112.51875
2017-02-01,108.00916666666667
2017-02-02,105.73916666666666
2017-02-03,74.22958333333334
2017-02-04,53.82875
2017-02-05,44.26291666666667
2017-02-06,68.45166666666667
2017-02-07,62.69083333333333
2017-02-08,59.65958333333333
2017-02-09,60.65416666666667
2017-02-10,58.64333333333333
2017-02-11,41.891666666666666
2017-02-12,38.029583333333335
2017-02-13,56.110416666666666
2017-02-14,54.2425
2017-02-15,50.6875
2017-02-16,56.91166666666667
2017-02-17,61.465
2017-02-18,49.00208333333333
2017-02-19,38.50958333333333
2017-02-20,54.294583333333335
2017-02-21,56.74458333333333
2017-02-22,49.66416666666667
2017-02-23,47.76583333333333
2017-02-24,38.40708333333333
2017-02-25,46.50333333333333
2017-02-26,34.39375
2017-02-27,49.916666666666664
2017-02-28,35.72208333333333
2017-03-01,40.035
2017-03-02,42.77375
2017-03-03,38.79208333333333
2017-03-04,31.649583333333332
2017-03-05,19.519166666666667
2017-03-06,42.11666666666667
2017-03-07,44.05291666666667
2017-03-08,35.63458333333333
2017-03-09,42.23875
2017-03-10,38.77166666666667
2017-03-11,34.44833333333333
2017-03-12,26.048333333333332
2017-03-13,38.62833333333333
2017-03-14,35.843333333333334
2017-03-15,34.6275
2017-03-16,38.530833333333334
2017-03-17,37.42541666666666
2017-03-18,31.670833333333334
2017-03-19,35.175
2017-03-20,54.94375
2017-03-21,51.55583333333333
2017-03-22,41.11291666666666
2017-03-23,39.46041666666667
2017-03-24,39.5125
2017-03-25,42.32375
2017-03-26,28.063478260869566
2017-03-27,36.07541666666667
2017-03-28,40.07875
2017-03-29,38.182916666666664
2017-03-30,34.63708333333334
2017-03-31,40.93666666666667
2017-04-01,33.77041666666667
2017-04-02,27.34
2017-04-03,41.50541666666667
2017-04-04,47.11125
2017-04-05,51.61333333333334
2017-04-06,44.45291666666667
2017-04-07,39.36416666666667
2017-04-08,38.85041666666667
2017-04-09,32.9125
2017-04-10,41.21208333333333
2017-04-11,42.515
2017-04-12,42.30125
2017-04-13,42.52875
2017-04-14,36.740833333333335
2017-04-15,34.870416666666664
2017-04-16,21.754583333333333
2017-04-17,24.9175
2017-04-18,38.53916666666667
2017-04-19,42.57083333333333
2017-04-20,44.60541666666666
2017-04-21,42.843333333333334
2017-04-22,43.52916666666667
2017-04-23,39.126666666666665
2017-04-24,49.30041666666666
2017-04-25,43.535833333333336
2017-04-26,47.95625
2017-04-27,44.71333333333333
2017-04-28,42.31333333333333
2017-04-29,36.083333333333336
2017-04-30,31.282916666666665
2017-05-01,17.588333333333335
2017-05-02,52.82958333333333
2017-05-03,56.170833333333334
2017-05-04,47.08833333333333
2017-05-05,44.03625
2017-05-06,35.440416666666664
2017-05-07,31.555833333333332
2017-05-08,38.63333333333333
2017-05-09,45.622083333333336
2017-05-10,49.73041666666666
2017-05-11,42.99666666666667
2017-05-12,38.11958333333333
2017-05-13,49.370416666666664
2017-05-14,30.59958333333333
2017-05-15,42.53625
2017-05-16,44.53791666666667
2017-05-17,40.56916666666667
2017-05-18,46.85375
2017-05-19,42.12416666666667
2017-05-20,36.07208333333333
2017-05-21,26.025
2017-05-22,51.879583333333336
2017-05-23,52.36416666666667
2017-05-24,51.67166666666667
2017-05-25,46.19083333333333
2017-05-26,54.33208333333334
2017-05-27,41.96875
2017-05-28,29.365
2017-05-29,40.751666666666665
2017-05-30,47.28791666666667
2017-05-31,49.65708333333333
2017-06-01,49.71625
2017-06-02,37.55125
2017-06-03,36.90375
2017-06-04,25.175416666666667
2017-06-05,36.666666666666664
2017-06-06,48.897083333333335
2017-06-07,46.9075
2017-06-08,43.25208333333333
2017-06-09,42.48875
2017-06-10,38.12708333333333
2017-06-11,30.179583333333333
2017-06-12,42.846666666666664
2017-06-13,44.412083333333335
2017-06-14,46.13125
2017-06-15,50.209583333333335
2017-06-16,46.83083333333333
2017-06-17,30.555833333333332
2017-06-18,30.145416666666666
2017-06-19,40.69
2017-06-20,48.78791666666667
2017-06-21,55.687916666666666
2017-06-22,57.6225
2017-06-23,52.00541666666667
2017-06-24,46.85375
2017-06-25,33.0325
2017-06-26,50.24375
2017-06-27,54.462916666666665
2017-06-28,51.75625
2017-06-29,46.0075
2017-06-30,53.38125
2017-07-01,41.124583333333334
2017-07-02,36.05
2017-07-03,42.67666666666667
2017-07-04,41.104166666666664
2017-07-05,49.44958333333334
2017-07-06,49.95666666666666
2017-07-07,57.24166666666667
2017-07-08,43.39208333333333
2017-07-09,51.8475
2017-07-10,64.76416666666667
2017-07-11,69.91625
2017-07-12,58.86083333333333
2017-07-13,60.56583333333333
2017-07-14,53.395833333333336
2017-07-15,48.065416666666664
2017-07-16,35.339166666666664
2017-07-17,44.2175
2017-07-18,55.15958333333333
2017-07-19,59.88875
2017-07-20,62.108333333333334
2017-07-21,61.27041666666667
2017-07-22,50.40958333333333
2017-07-23,51.40625
2017-07-24,58.3075
2017-07-25,42.26875
2017-07-26,54.549166666666665
2017-07-27,59.462916666666665
2017-07-28,50.760416666666664
2017-07-29,48.17125
2017-07-30,40.17
2017-07-31,65.69916666666667
2017-08-01,73.73916666666666
2017-08-02,74.18541666666667
2017-08-03,87.2375
2017-08-04,97.72291666666666
2017-08-05,75.56958333333333
2017-08-06,49.69833333333333
2017-08-07,71.48291666666667
2017-08-08,51.2575
2017-08-09,81.49916666666667
2017-08-10,68.76958333333333
2017-08-11,65.435
2017-08-12,52.17166666666667
2017-08-13,35.17541666666666
2017-08-14,34.55458333333333
2017-08-15,38.7425
2017-08-16,47.86625
2017-08-17,53.43416666666667
2017-08-18,60.031666666666666
2017-08-19,48.32958333333333
2017-08-20,23.548333333333332
2017-08-21,47.47541666666667
2017-08-22,57.19375
2017-08-23,57.41875
2017-08-24,64.69416666666666
2017-08-25,79.54875
2017-08-26,48.36708333333333
2017-08-27,33.29333333333334
2017-08-28,57.44
2017-08-29,49.151666666666664
2017-08-30,55.55458333333333
2017-08-31,67.15583333333333
2017-09-01,45.2125
2017-09-02,40.770833333333336
2017-09-03,32.357083333333335
2017-09-04,40.242916666666666
2017-09-05,53.40375
2017-09-06,51.029583333333335
2017-09-07,48.38041666666667
2017-09-08,47.467083333333335
2017-09-09,42.41708333333333
2017-09-10,38.245
2017-09-11,39.9775
2017-09-12,39.4225
2017-09-13,45.60041666666667
2017-09-14,47.349583333333335
2017-09-15,42.83083333333333
2017-09-16,53.46375
2017-09-17,40.64458333333334
2017-09-18,51.85208333333333
2017-09-19,47.36833333333333
2017-09-20,43.13041666666667
2017-09-21,42.66166666666667
2017-09-22,40.755
2017-09-23,37.83625
2017-09-24,35.66166666666667
2017-09-25,41.845416666666665
2017-09-26,40.473333333333336
2017-09-27,39.89333333333333
2017-09-28,40.985416666666666
2017-09-29,39.35791666666667
2017-09-30,35.81916666666667
2017-10-01,27.26875
2017-10-02,41.36541666666667
2017-10-03,50.57333333333333
2017-10-04,52.747083333333336
2017-10-05,51.31791666666667
2017-10-06,47.72958333333333
2017-10-07,29.813333333333333
2017-10-08,30.41125
2017-10-09,59.19291666666667
2017-10-10,68.80208333333333
2017-10-11,60.649166666666666
2017-10-12,55.31166666666667
2017-10-13,53.74375
2017-10-14,49.04666666666667
2017-10-15,35.60125
2017-10-16,51.596666666666664
2017-10-17,53.677083333333336
2017-10-18,58.285833333333336
2017-10-19,58.035833333333336
2017-10-20,60.88458333333333
2017-10-21,79.64583333333333
2017-10-22,37.077083333333334
2017-10-23,44.95125
2017-10-24,46.21333333333333
2017-10-25,50.8975
2017-10-26,66.34
2017-10-27,63.12291666666667
2017-10-28,35.35958333333333
2017-10-29,34.182
2017-10-30,42.06625
2017-10-31,45.49791666666667
2017-11-01,38.63791666666667
2017-11-02,56.775416666666665
2017-11-03,78.98916666666666
2017-11-04,60.281666666666666
2017-11-05,50.25666666666667
2017-11-06,65.39833333333333
2017-11-07,66.56208333333333
2017-11-08,63.555416666666666
2017-11-09,75.01375
2017-11-10,67.44666666666667
2017-11-11,47.153333333333336
2017-11-12,38.11833333333333
2017-11-13,58.37708333333333
2017-11-14,45.62833333333333
2017-11-15,64.485
2017-11-16,54.30833333333333
2017-11-17,56.22708333333333
2017-11-18,50.51958333333334
2017-11-19,42.135416666666664
2017-11-20,55.6125
2017-11-21,70.17208333333333
2017-11-22,75.41166666666666
2017-11-23,75.45458333333333
2017-11-24,76.4475
2017-11-25,56.514583333333334
2017-11-26,44.92666666666667
2017-11-27,59.69958333333334
2017-11-28,67.125
2017-11-29,77.285
2017-11-30,75.27333333333333
2017-12-01,65.44125
2017-12-02,43.93541666666667
2017-12-03,33.99041666666667
2017-12-04,49.867916666666666
2017-12-05,52.57333333333333
2017-12-06,40.95291666666667
2017-12-07,53.64041666666667
2017-12-08,54.790416666666665
2017-12-09,42.36666666666667
2017-12-10,29.684166666666666
2017-12-11,44.90958333333333
2017-12-12,39.01916666666666
2017-12-13,50.46208333333333
2017-12-14,40.31166666666667
2017-12-15,48.93208333333333
2017-12-16,35.8425
2017-12-17,31.02166666666667
2017-12-18,48.876666666666665
2017-12-19,62.70666666666666
2017-12-20,59.93875
2017-12-21,51.454166666666666
2017-12-22,40.885
2017-12-23,36.41625
2017-12-24,16.80375
2017-12-25,28.967916666666667
2017-12-26,13.164166666666667
2017-12-27,30.209583333333335
2017-12-28,33.220416666666665
2017-12-29,23.76
2017-12-30,24.729166666666668
2017-12-31,11.800833333333333
